Method,Epsilon,Alpha,Num-Iters,Model,Miss-classification Rate,Output_Screenshot
PGD-LINF,0.1,0.05,40,CNN,0.723,output/pgd-linf/pgd-linf_cnn_0.1-0.05-40.png
PGD-LINF,0.075,0.05,40,CNN,0.4639,output/pgd-linf/pgd-linf_cnn_0.075-0.05-40.png
PGD-LINF,0.05,0.05,40,CNN,0.1826,output/pgd-linf/pgd-linf_cnn_0.05-0.05-40.png
PGD-LINF,0.026,0.05,40,CNN,0.0506,output/pgd-linf/pgd-linf_cnn_0.026-0.05-40.png
PGD-LINF,0.001,0.05,40,CNN,0.0113,output/pgd-linf/pgd-linf_cnn_0.001-0.05-40.png
PGD-LINF,0.1,0.05,40,DNN,0.9552,output/pgd-linf/pgd-linf_dnn_0.1-0.05-40.png
PGD-LINF,0.075,0.05,40,DNN,0.8321,output/pgd-linf/pgd-linf_dnn_0.075-0.05-40.png
PGD-LINF,0.05,0.05,40,DNN,0.5155,output/pgd-linf/pgd-linf_dnn_0.05-0.05-40.png
PGD-LINF,0.026,0.05,40,DNN,0.1491,output/pgd-linf/pgd-linf_dnn_0.026-0.05-40.png
PGD-LINF,0.001,0.05,40,DNN,0.0301,output/pgd-linf/pgd-linf_dnn_0.001-0.05-40.png
